{"capacity_facility":[15.0,30.0,5.0,30.0],"fixed_cost_facility":[549.0,106.0,89.0,435.0],"demand_customer":[3.0,2.0,9.0],"cost_matrix":[[1.7976931348623157E308,1.7976931348623157E308,1.7976931348623157E308],[1.7976931348623157E308,1.7976931348623157E308,1.7976931348623157E308],[1.7976931348623157E308,1.7976931348623157E308,1.7976931348623157E308],[1.7976931348623157E308,1.7976931348623157E308,1.7976931348623157E308]],"num_facility_locations":4,"num_customers":3}